{
    "loss": 23.958070755004883,
    "accuracy": 0.4313725531101227
}